WC;SC;ESI;Category
Agricultural Economics & Policy;Agriculture;Agricultural Sciences;Life Sciences & Biomedicine
Agricultural Engineering;Agriculture;Agricultural Sciences;Life Sciences & Biomedicine
Agriculture, Dairy & Animal Science;Agriculture;Agricultural Sciences;Life Sciences & Biomedicine
Agriculture, Multidisciplinary;Agriculture;Agricultural Sciences;Life Sciences & Biomedicine
Agronomy;Agriculture;Agricultural Sciences;Life Sciences & Biomedicine
Horticulture;Agriculture;Agricultural Sciences;Life Sciences & Biomedicine
Soil Science;Agriculture;Agricultural Sciences;Life Sciences & Biomedicine
Food Science & Technology;Food Science & Technology;Agricultural Sciences;Life Sciences & Biomedicine
Nutrition & Dietetics;Nutrition & Dietetics;Agricultural Sciences;Life Sciences & Biomedicine
Archaeology;Archaeology;Arts & Humanities;Social Sciences
Art;Art;Arts & Humanities;Arts & Humanities
Folklore;Arts & Humanities - Other Topics;Arts & Humanities;Arts & Humanities
Humanities, Multidisciplinary;Arts & Humanities - Other Topics;Arts & Humanities;Arts & Humanities
Medieval & Renaissance Studies;Arts & Humanities - Other Topics;Arts & Humanities;Arts & Humanities
Classics;Classics;Arts & Humanities;Arts & Humanities
Dance;Dance;Arts & Humanities;Arts & Humanities
Film, Radio, Television;Film, Radio & Television;Arts & Humanities;Arts & Humanities
History;History;Arts & Humanities;Arts & Humanities
Literary Reviews;Literature;Arts & Humanities;Arts & Humanities
Literary Theory & Criticism;Literature;Arts & Humanities;Arts & Humanities
Literature;Literature;Arts & Humanities;Arts & Humanities
Literature, African, Australian, Canadian;Literature;Arts & Humanities;Arts & Humanities
Literature, American;Literature;Arts & Humanities;Arts & Humanities
Literature, British Isles;Literature;Arts & Humanities;Arts & Humanities
Literature, German, Dutch, Scandinavian;Literature;Arts & Humanities;Arts & Humanities
Literature, Romance;Literature;Arts & Humanities;Arts & Humanities
Literature, Slavic;Literature;Arts & Humanities;Arts & Humanities
Poetry;Literature;Arts & Humanities;Arts & Humanities
Music;Music;Arts & Humanities;Arts & Humanities
Philosophy;Philosophy;Arts & Humanities;Arts & Humanities
Religion;Religion;Arts & Humanities;Arts & Humanities
Theater;Theater;Arts & Humanities;Arts & Humanities
Anatomy & Morphology;Anatomy & Morphology;Biology & Biochemistry;Life Sciences & Biomedicine
Biochemical Research Methods;Biochemistry & Molecular Biology;Biology & Biochemistry;Life Sciences & Biomedicine
Biochemistry & Molecular Biology;Biochemistry & Molecular Biology;Biology & Biochemistry;Life Sciences & Biomedicine
Biophysics;Biophysics;Biology & Biochemistry;Life Sciences & Biomedicine
Biology;Life Sciences & Biomedicine - Other Topics;Biology & Biochemistry;Life Sciences & Biomedicine
Microscopy;Microscopy;Biology & Biochemistry;Technology
Physiology;Physiology;Biology & Biochemistry;Life Sciences & Biomedicine
Chemistry, Analytical;Chemistry;Chemistry;Physical Sciences
Chemistry, Applied;Chemistry;Chemistry;Physical Sciences
Chemistry, Inorganic & Nuclear;Chemistry;Chemistry;Physical Sciences
Chemistry, Multidisciplinary;Chemistry;Chemistry;Physical Sciences
Chemistry, Organic;Chemistry;Chemistry;Physical Sciences
Chemistry, Physical;Chemistry;Chemistry;Physical Sciences
Crystallography;Crystallography;Chemistry;Physical Sciences
Electrochemistry;Electrochemistry;Chemistry;Physical Sciences
Instruments & Instrumentation;Instruments & Instrumentation;Chemistry;Technology
Spectroscopy;Spectroscopy;Chemistry;Technology
Anesthesiology;Anesthesiology;Clinical Medicine;Life Sciences & Biomedicine
Audiology & Speech-Language Pathology;Audiology & Speech-Language Pathology;Clinical Medicine;Life Sciences & Biomedicine
Cardiac & Cardiovascular Systems;Cardiovascular System & Cardiology;Clinical Medicine;Life Sciences & Biomedicine
Peripheral Vascular Disease;Cardiovascular System & Cardiology;Clinical Medicine;Life Sciences & Biomedicine
Dentistry, Oral Surgery & Medicine;Dentistry, Oral Surgery & Medicine;Clinical Medicine;Life Sciences & Biomedicine
Dermatology;Dermatology;Clinical Medicine;Life Sciences & Biomedicine
Emergency Medicine;Emergency Medicine;Clinical Medicine;Life Sciences & Biomedicine
Andrology;Endocrinology & Metabolism;Clinical Medicine;Life Sciences & Biomedicine
Endocrinology & Metabolism;Endocrinology & Metabolism;Clinical Medicine;Life Sciences & Biomedicine
Gastroenterology & Hepatology;Gastroenterology & Hepatology;Clinical Medicine;Life Sciences & Biomedicine
Critical Care Medicine;General & Internal Medicine;Clinical Medicine;Life Sciences & Biomedicine
Medicine, General & Internal;General & Internal Medicine;Clinical Medicine;Life Sciences & Biomedicine
Primary Health Care;General & Internal Medicine;Clinical Medicine;Life Sciences & Biomedicine
Geriatrics & Gerontology;Geriatrics & Gerontology;Clinical Medicine;Life Sciences & Biomedicine
Gerontology;Geriatrics & Gerontology;Clinical Medicine;Life Sciences & Biomedicine
Health Care Sciences & Services;Health Care Sciences & Services;Clinical Medicine;Life Sciences & Biomedicine
Health Policy & Services;Health Care Sciences & Services;Clinical Medicine;Life Sciences & Biomedicine
Hematology;Hematology;Clinical Medicine;Life Sciences & Biomedicine
Integrative & Complementary Medicine;Integrative & Complementary Medicine;Clinical Medicine;Life Sciences & Biomedicine
Medicine, Legal;Legal Medicine;Clinical Medicine;Life Sciences & Biomedicine
Medical Ethics;Medical Ethics;Clinical Medicine;Life Sciences & Biomedicine
Medical Informatics;Medical Informatics;Clinical Medicine;Life Sciences & Biomedicine
Medical Laboratory Technology;Medical Laboratory Technology;Clinical Medicine;Life Sciences & Biomedicine
Nursing;Nursing;Clinical Medicine;Life Sciences & Biomedicine
Obstetrics & Gynecology;Obstetrics & Gynecology;Clinical Medicine;Life Sciences & Biomedicine
Oncology;Oncology;Clinical Medicine;Life Sciences & Biomedicine
Ophthalmology;Ophthalmology;Clinical Medicine;Life Sciences & Biomedicine
Orthopedics;Orthopedics;Clinical Medicine;Life Sciences & Biomedicine
Otorhinolaryngology;Otorhinolaryngology;Clinical Medicine;Life Sciences & Biomedicine
Pathology;Pathology;Clinical Medicine;Life Sciences & Biomedicine
Pediatrics;Pediatrics;Clinical Medicine;Life Sciences & Biomedicine
Radiology, Nuclear Medicine & Medical Imaging;Radiology, Nuclear Medicine & Medical Imaging;Clinical Medicine;Life Sciences & Biomedicine
Reproductive Biology;Reproductive Biology;Clinical Medicine;Life Sciences & Biomedicine
Medicine, Research & Experimental;Research & Experimental Medicine;Clinical Medicine;Life Sciences & Biomedicine
Respiratory System;Respiratory System;Clinical Medicine;Life Sciences & Biomedicine
Rheumatology;Rheumatology;Clinical Medicine;Life Sciences & Biomedicine
Sport Sciences;Sport Sciences;Clinical Medicine;Life Sciences & Biomedicine
Substance Abuse;Substance Abuse;Clinical Medicine;Life Sciences & Biomedicine
Surgery;Surgery;Clinical Medicine;Life Sciences & Biomedicine
Transplantation;Transplantation;Clinical Medicine;Life Sciences & Biomedicine
Urology & Nephrology;Urology & Nephrology;Clinical Medicine;Life Sciences & Biomedicine
Computer Science, Artificial Intelligence;Computer Science;Computer Science;Technology
Computer Science, Cybernetics;Computer Science;Computer Science;Technology
Computer Science, Hardware & Architecture;Computer Science;Computer Science;Technology
Computer Science, Information Systems;Computer Science;Computer Science;Technology
Computer Science, Interdisciplinary Applications;Computer Science;Computer Science;Technology
Computer Science, Software Engineering;Computer Science;Computer Science;Technology
Computer Science, Theory & Methods;Computer Science;Computer Science;Technology
Mathematical & Computational Biology;Mathematical & Computational Biology;Computer Science;Life Sciences & Biomedicine
Telecommunications;Telecommunications;Computer Science;Technology
Business;Business & Economics;Economics & Business;Social Sciences
Business, Finance;Business & Economics;Economics & Business;Social Sciences
Economics;Business & Economics;Economics & Business;Social Sciences
Industrial Relations & Labor;Business & Economics;Economics & Business;Social Sciences
Management;Business & Economics;Economics & Business;Social Sciences
Architecture;Architecture;Engineering;Arts & Humanities
Automation & Control Systems;Automation & Control Systems;Engineering;Technology
Construction & Building Technology;Construction & Building Technology;Engineering;Technology
Energy & Fuels;Energy & Fuels;Engineering;Technology
Engineering, Aerospace;Engineering;Engineering;Technology
Engineering, Biomedical;Engineering;Engineering;Technology
Engineering, Chemical;Engineering;Engineering;Technology
Engineering, Civil;Engineering;Engineering;Technology
Engineering, Electrical & Electronic;Engineering;Engineering;Technology
Engineering, Environmental;Engineering;Engineering;Technology
Engineering, Geological;Engineering;Engineering;Technology
Engineering, Industrial;Engineering;Engineering;Technology
Engineering, Manufacturing;Engineering;Engineering;Technology
Engineering, Marine;Engineering;Engineering;Technology
Engineering, Mechanical;Engineering;Engineering;Technology
Engineering, Multidisciplinary;Engineering;Engineering;Technology
Engineering, Ocean;Engineering;Engineering;Technology
Engineering, Petroleum;Engineering;Engineering;Technology
Ergonomics;Engineering;Engineering;Technology
Imaging Science & Photographic Technology;Imaging Science & Photographic Technology;Engineering;Technology
Mechanics;Mechanics;Engineering;Technology
Nuclear Science & Technology;Nuclear Science & Technology;Engineering;Technology
Operations Research & Management Science;Operations Research & Management Science;Engineering;Technology
Robotics;Robotics;Engineering;Technology
Thermodynamics;Thermodynamics;Engineering;Physical Sciences
Transportation;Transportation;Engineering;Technology
Transportation Science & Technology;Transportation;Engineering;Technology
Biodiversity Conservation;Biodiversity & Conservation;Environment/Ecology;Life Sciences & Biomedicine
Ecology;Environmental Sciences & Ecology;Environment/Ecology;Life Sciences & Biomedicine
Environmental Sciences;Environmental Sciences & Ecology;Environment/Ecology;Life Sciences & Biomedicine
Environmental Studies;Environmental Sciences & Ecology;Environment/Ecology;Life Sciences & Biomedicine
Geochemistry & Geophysics;Geochemistry & Geophysics;Geosciences;Physical Sciences
Geology;Geology;Geosciences;Physical Sciences
Geosciences, Multidisciplinary;Geology;Geosciences;Physical Sciences
Meteorology & Atmospheric Sciences;Meteorology & Atmospheric Sciences;Geosciences;Physical Sciences
Mineralogy;Mineralogy;Geosciences;Physical Sciences
Mining & Mineral Processing;Mining & Mineral Processing;Geosciences;Physical Sciences
Oceanography;Oceanography;Geosciences;Physical Sciences
Paleontology;Paleontology;Geosciences;Life Sciences & Biomedicine
Geography, Physical;Physical Geography;Geosciences;Physical Sciences
Remote Sensing;Remote Sensing;Geosciences;Technology
Allergy;Allergy;Immunology;Life Sciences & Biomedicine
Immunology;Immunology;Immunology;Life Sciences & Biomedicine
Infectious Diseases;Infectious Diseases;Immunology;Life Sciences & Biomedicine
Materials Science, Biomaterials;Materials Science;Materials Science;Technology
Materials Science, Ceramics;Materials Science;Materials Science;Technology
Materials Science, Characterization & Testing;Materials Science;Materials Science;Technology
Materials Science, Coatings & Films;Materials Science;Materials Science;Technology
Materials Science, Composites;Materials Science;Materials Science;Technology
Materials Science, Multidisciplinary;Materials Science;Materials Science;Technology
Materials Science, Paper & Wood;Materials Science;Materials Science;Technology
Materials Science, Textiles;Materials Science;Materials Science;Technology
Metallurgy & Metallurgical Engineering;Metallurgy & Metallurgical Engineering;Materials Science;Technology
Mathematics;Mathematics;Mathematics;Physical Sciences
Mathematics, Applied;Mathematics;Mathematics;Physical Sciences
Mathematics, Interdisciplinary Applications;Mathematics;Mathematics;Physical Sciences
Statistics & Probability;Mathematics;Mathematics;Physical Sciences
Biotechnology & Applied Microbiology;Biotechnology & Applied Microbiology;Microbiology;Life Sciences & Biomedicine
Microbiology;Microbiology;Microbiology;Life Sciences & Biomedicine
Parasitology;Parasitology;Microbiology;Life Sciences & Biomedicine
Virology;Virology;Microbiology;Life Sciences & Biomedicine
Cell & Tissue Engineering;Cell Biology;Molecular Biology & Genetics;Life Sciences & Biomedicine
Cell Biology;Cell Biology;Molecular Biology & Genetics;Life Sciences & Biomedicine
Developmental Biology;Developmental Biology;Molecular Biology & Genetics;Life Sciences & Biomedicine
Genetics & Heredity;Genetics & Heredity;Molecular Biology & Genetics;Life Sciences & Biomedicine
Polymer Science;Polymer Science;Materials Science;Physical Sciences
Behavioral Sciences;Behavioral Sciences;Neuroscience & Behavior;Life Sciences & Biomedicine
Green & Sustainable Science & Technology;Science & Technology - Other Topics;Environment/Ecology;Technology
Logic;Science & Technology - Other Topics;Mathematics;Technology
Multidisciplinary Sciences;Multidisciplinary;Multidisciplinary;Multidisciplinary
Nanoscience & Nanotechnology;Science & Technology - Other Topics;Engineering;Technology
Psychology, Mathematical;Psychology;Psychiatry/Psychology;Social Sciences
Clinical Neurology;Neurosciences & Neurology;Neuroscience & Behavior;Life Sciences & Biomedicine
Neuroimaging;Neurosciences & Neurology;Neuroscience & Behavior;Life Sciences & Biomedicine
Neurosciences;Neurosciences & Neurology;Neuroscience & Behavior;Life Sciences & Biomedicine
Chemistry, Medicinal;Pharmacology & Pharmacy;Pharmacology & Toxicology;Life Sciences & Biomedicine
Pharmacology & Pharmacy;Pharmacology & Pharmacy;Pharmacology & Toxicology;Life Sciences & Biomedicine
Toxicology;Toxicology;Pharmacology & Toxicology;Life Sciences & Biomedicine
Acoustics;Acoustics;Physics;Technology
Optics;Optics;Physics;Physical Sciences
Physics, Applied;Physics;Physics;Physical Sciences
Physics, Atomic, Molecular & Chemical;Physics;Physics;Physical Sciences
Physics, Condensed Matter;Physics;Physics;Physical Sciences
Physics, Fluids & Plasmas;Physics;Physics;Physical Sciences
Physics, Mathematical;Physics;Physics;Physical Sciences
Physics, Multidisciplinary;Physics;Physics;Physical Sciences
Physics, Nuclear;Physics;Physics;Physical Sciences
Physics, Particles & Fields;Physics;Physics;Physical Sciences
Quantum Science & Technology;Physics;Physics;Physical Sciences
Entomology;Entomology;Plant & Animal Science;Life Sciences & Biomedicine
Evolutionary Biology;Evolutionary Biology;Plant & Animal Science;Life Sciences & Biomedicine
Fisheries;Fisheries;Plant & Animal Science;Life Sciences & Biomedicine
Forestry;Forestry;Plant & Animal Science;Life Sciences & Biomedicine
Limnology;Marine & Freshwater Biology;Plant & Animal Science;Life Sciences & Biomedicine
Marine & Freshwater Biology;Marine & Freshwater Biology;Plant & Animal Science;Life Sciences & Biomedicine
Mycology;Mycology;Plant & Animal Science;Life Sciences & Biomedicine
Plant Sciences;Plant Sciences;Plant & Animal Science;Life Sciences & Biomedicine
Veterinary Sciences;Veterinary Sciences;Plant & Animal Science;Life Sciences & Biomedicine
Ornithology;Zoology;Plant & Animal Science;Life Sciences & Biomedicine
Zoology;Zoology;Plant & Animal Science;Life Sciences & Biomedicine
Social Sciences, Biomedical;Biomedical Social Sciences;Psychiatry/Psychology;Social Sciences
Family Studies;Family Studies;Psychiatry/Psychology;Social Sciences
Psychiatry;Psychiatry;Psychiatry/Psychology;Life Sciences & Biomedicine
Psychology;Psychology;Psychiatry/Psychology;Social Sciences
Psychology, Applied;Psychology;Psychiatry/Psychology;Social Sciences
Psychology, Biological;Psychology;Psychiatry/Psychology;Social Sciences
Psychology, Clinical;Psychology;Psychiatry/Psychology;Social Sciences
Psychology, Developmental;Psychology;Psychiatry/Psychology;Social Sciences
Psychology, Educational;Psychology;Psychiatry/Psychology;Social Sciences
Psychology, Experimental;Psychology;Psychiatry/Psychology;Social Sciences
Psychology, Multidisciplinary;Psychology;Psychiatry/Psychology;Social Sciences
Psychology, Psychoanalysis;Psychology;Psychiatry/Psychology;Social Sciences
Psychology, Social;Psychology;Psychiatry/Psychology;Social Sciences
Anthropology;Anthropology;Social Sciences, General;Life Sciences & Biomedicine
Area Studies;Area Studies;Social Sciences, General;Social Sciences
Asian Studies;Asian Studies;Social Sciences, General;Arts & Humanities
Communication;Communication;Social Sciences, General;Social Sciences
Criminology & Penology;Criminology & Penology;Social Sciences, General;Social Sciences
Cultural Studies;Cultural Studies;Social Sciences, General;Social Sciences
Demography;Demography;Social Sciences, General;Social Sciences
Development Studies;Development Studies;Social Sciences, General;Social Sciences
Education & Educational Research;Education & Educational Research;Social Sciences, General;Social Sciences
Education, Scientific Disciplines;Education & Educational Research;Social Sciences, General;Social Sciences
Education, Special;Education & Educational Research;Social Sciences, General;Social Sciences
Ethnic Studies;Ethnic Studies;Social Sciences, General;Social Sciences
Geography;Geography;Social Sciences, General;Social Sciences
Law;Government & Law;Social Sciences, General;Social Sciences
Political Science;Government & Law;Social Sciences, General;Social Sciences
History & Philosophy Of Science;History & Philosophy of Science;Social Sciences, General;Arts & Humanities
Information Science & Library Science;Information Science & Library Science;Social Sciences, General;Technology
International Relations;International Relations;Social Sciences, General;Social Sciences
Language & Linguistics;Linguistics;Social Sciences, General;Social Sciences
Linguistics;Linguistics;Social Sciences, General;Social Sciences
Social Sciences, Mathematical Methods;Mathematical Methods In Social Sciences;Social Sciences, General;Social Sciences
Public Administration;Public Administration;Social Sciences, General;Social Sciences
Regional & Urban Planning;Public Administration;Social Sciences, General;Social Sciences
Public, Environmental & Occupational Health;Public, Environmental & Occupational Health;Social Sciences, General;Life Sciences & Biomedicine
Rehabilitation;Rehabilitation;Social Sciences, General;Life Sciences & Biomedicine
Social Issues;Social Issues;Social Sciences, General;Social Sciences
Ethics;Social Sciences - Other Topics;Social Sciences, General;Social Sciences
History Of Social Sciences;Social Sciences - Other Topics;Social Sciences, General;Social Sciences
Hospitality, Leisure, Sport & Tourism;Social Sciences - Other Topics;Social Sciences, General;Social Sciences
Social Sciences, Interdisciplinary;Social Sciences - Other Topics;Social Sciences, General;Social Sciences
Social Work;Social Work;Social Sciences, General;Social Sciences
Sociology;Sociology;Social Sciences, General;Social Sciences
Urban Studies;Urban Studies;Social Sciences, General;Social Sciences
Women's Studies;Women's Studies;Social Sciences, General;Social Sciences
Astronomy & Astrophysics;Astronomy & Astrophysics;Space Sciences;Physical Sciences
Tropical Medicine;Tropical Medicine;Clinical Medicine;Life Sciences & Biomedicine
Water Resources;Water Resources;Geosciences;Physical Sciences